roc_auc,precision_bug,recall_bug,f1_bug
0.650848600651905,0.3524355300859599,0.5668202764976958,0.43462897526501765
