roc_auc,precision_bug,recall_bug,f1_bug
0.6415308530965494,0.37,0.511520737327189,0.42940038684719534
